<?xml version="1.0" encoding="utf-8"?>
<extension version="3.4" type="plugin" group="system" method="upgrade">
    <name>JD PopX</name>
	<author>JoomDev</author>
	<creationDate>Jan 2019</creationDate>
	<version>1.4</version>
	<authorEmail>info@joomdev.com</authorEmail>
	<authorUrl>https://www.joomdev.com</authorUrl>
	<copyright>Copyright (C) 2008 - 2019 JoomDev.com. All rights reserved.</copyright>
    <license>https://www.gnu.org/licenses/gpl-2.0.html GNU/GPL</license>
    <description>JD PopX lets you create attractive options to collect email addresses for your AcyMailing Subscriptions.</description>
	<updateservers>
		<server type="extension" name="jdpopx" priority="1">https://cdn.joomdev.com/extensionupdates/jdpopx/jdpopx.xml</server>
	</updateservers>
    <scriptfile>installer.script.php</scriptfile>
    <files>
		<filename plugin="com_jdpopx">installer.script.php</filename>
    </files>
    <plugins>
        <plugin plugin="jdpopx" group="system" />
    </plugins>
</extension>