<?xml version="1.0" encoding="UTF-8"?>
<!DOCTYPE install PUBLIC "-//Joomla! 2.5//DTD template 1.0//EN" "">
<extension type="package" version="3.1" method="upgrade">
   <name>JD Tour Showcase </name>
   <author>JoomDev</author>
   <packagename>JD Tour Showcase</packagename>
   <creationDate>Jan 2019</creationDate>
   <copyright>Copyright (C)  2019 Joomdev, Inc. All rights reserved.</copyright>
   <license>GNU General Public License version 2 or later; see LICENSE.txt</license>
   <version>1.1</version>
   <authorEmail>info@joomdev.com</authorEmail>
   <authorUrl>https://www.joomdev.com</authorUrl>
   <description></description>
   <updateservers>
		<server type="package" name="pkg_jdtourshowcase" priority="1">https://www.joomdev.com/extensionupdates/jd_tour/pkg_jdtourshowcase.xml</server>
	</updateservers>
   <scriptfile>pkg_jdtourshowcase.php</scriptfile>
   <files folder="packages">
      <folder type="component" id="com_jdtoursshowcase">com_jdtoursshowcase</folder>
      <folder type="module" id="mod_jdtourshowcase" client="site">mod_jdtourshowcase</folder>
   </files>
</extension>