<?xml version="1.0" encoding="utf-8"?>
<extension type="component" version="3.0" method="upgrade">
    <name>com_jdtoursshowcase</name>
    <creationDate>Jan 2019</creationDate>
    <copyright>Copyright (C) 2019 Joomdev, Inc. All rights reserved.</copyright>
    <license>GNU General Public License version 2 or later; see LICENSE.txt</license>
    <author>JoomDev</author>
    <authorEmail>info@joomdev.com</authorEmail>
    <authorUrl>http://</authorUrl>
    <version>1.1</version>
    <description>JD Tours Showcase description.</description>
    
    <install> <!-- Runs on install -->
        <sql>
            <file driver="mysql" charset="utf8">sql/install.mysql.utf8.sql</file>
        </sql>
    </install>
    <update> <!-- Runs on update -->
        <sql>
            <file driver="mysql" charset="utf8">sql/update.mysql.utf8.sql</file>
        </sql>
    </update>
    <uninstall> <!-- Runs on uninstall -->
        <sql>
            <file driver="mysql" charset="utf8">sql/uninstall.mysql.utf8.sql</file>
        </sql>
    </uninstall>
    <updateservers>
        <server type="extension" name="com_jdtoursshowcase" priority="1">https://cdn.joomdev.com/extensionupdates/jd_tour/com_jdtoursshowcase.xml</server>
    </updateservers>
    <files folder="site">
        <filename>index.html</filename>
        <filename>jdtoursshowcase.php</filename>
        <filename>controller.php</filename>
        <filename>router.php</filename>
        <folder>views</folder>
        <folder>models</folder>
        <folder>controllers</folder>
        <folder>helpers</folder>
    </files>
    <media destination="com_jdtoursshowcase" folder="media">
        <folder>js</folder>
        <folder>css</folder>
    </media>
    <languages folder="site/languages">
        
			<language tag="en-GB">en-GB/en-GB.com_jdtoursshowcase.ini</language>
    </languages>
    <administration>
        <menu>COM_JDTOURSSHOWCASE</menu>
        <submenu>
            
			<menu link="option=com_jdtoursshowcase&amp;view=tours" view="tours" alt="Jdtoursshowcase/Tours">COM_JDTOURSSHOWCASE_TITLE_TOURS</menu>
            <menu link="option=com_jdtoursshowcase&amp;view=tourtypes" view="tourtypes" alt="Jdtoursshowcase/Tourtypes">COM_JDTOURSSHOWCASE_TITLE_TOURTYPES</menu>

        </submenu>
        <files folder="administrator">
            <filename>access.xml</filename>
            <filename>config.xml</filename>
            <filename>controller.php</filename>
            <filename>index.html</filename>
            <filename>jdtoursshowcase.php</filename>
            <folder>controllers</folder>
            <folder>assets</folder>
            <folder>helpers</folder>
            <folder>models</folder>
            <folder>sql</folder>
            <folder>tables</folder>
            <folder>views</folder>
        </files>
        <languages folder="administrator/languages">
            
			<language tag="en-GB">en-GB/en-GB.com_jdtoursshowcase.ini</language>
			<language tag="en-GB">en-GB/en-GB.com_jdtoursshowcase.sys.ini</language>
        </languages>
    </administration>
    <config>
        <fields name="params">
            <fieldset name="component">
                <field name="save_history" default="0" />
            </fieldset>
        </fields>
    </config>
    <plugins>
        <plugin group="search" plugin="jdtoursshowcase"/>
    </plugins>
    
</extension>
